Gender,Married,Dependents,Education,Self_Employed,ApplicantIncome,CoapplicantIncome,LoanAmount,Loan_Amount_Term,Credit_History,Property_Area,Loan_Status
1.0,0.0,0.0,1.0,1.0,0.0825231910946196,0.0,0.2233502538071066,0.7297297297297298,1.0,0.0,1
0.0,1.0,0.0,1.0,0.0,0.0281137909709338,0.0149244909418683,0.2047377326565143,0.7297297297297298,1.0,0.5,1
1.0,1.0,0.5,1.0,0.0,0.0970933828076685,0.0,0.3231810490693739,0.7297297297297298,1.0,0.5,1
1.0,1.0,0.0,1.0,0.0,0.0958688930117501,0.0541714691018707,0.2893401015228426,0.7297297297297298,1.0,0.0,1
1.0,1.0,0.0,1.0,0.0,0.0327643784786641,0.0665839170139196,0.1912013536379018,0.7297297297297298,1.0,0.5,1
1.0,1.0,0.25,1.0,0.0,0.0831787260358689,0.0,0.3231810490693739,0.7297297297297298,1.0,0.5,1
0.0,0.0,0.0,0.0,0.0,0.0255163883735312,0.0,0.0964467005076142,0.7297297297297298,1.0,0.0,1
1.0,1.0,0.25,0.0,0.0,0.0798763141620284,0.0,0.2165820642978003,0.3243243243243243,1.0,1.0,1
1.0,1.0,0.25,0.0,0.0,0.0303030303030303,0.0738836185241008,0.1370558375634517,0.7297297297297298,1.0,0.5,1
0.0,0.0,0.0,1.0,0.0,0.0275572047000618,0.0,0.0626057529610829,0.7297297297297298,1.0,0.0,0
1.0,0.0,0.0,1.0,1.0,0.0729746444032158,0.1280550876259715,0.1878172588832487,0.3243243243243243,1.0,1.0,0
1.0,1.0,0.0,1.0,0.0,0.0244897959183673,0.1970032804326624,0.1032148900169204,0.3243243243243243,1.0,0.5,0
1.0,1.0,1.0,1.0,1.0,0.1235497835497835,0.0,0.4247038917089678,0.7297297297297298,1.0,0.5,1
1.0,1.0,1.0,1.0,0.0,0.0775139146567717,0.0,0.2504230118443316,0.3243243243243243,1.0,0.0,1
1.0,1.0,0.25,1.0,1.0,0.0408163265306122,0.0614416171646422,0.2588832487309644,0.7297297297297298,1.0,0.5,1
1.0,1.0,0.25,1.0,1.0,0.1281756338899196,0.1137807725271152,0.2554991539763113,0.3243243243243243,0.0,1.0,0
1.0,0.0,0.5,1.0,0.0,0.0428818800247371,0.0,0.1658206429780034,0.7297297297297298,1.0,0.5,1
0.0,0.0,0.0,0.0,0.0,0.0526654298082869,0.0,0.1878172588832487,0.7297297297297298,1.0,0.5,1
1.0,1.0,0.25,1.0,0.0,0.0326159554730983,0.0566539586842805,0.2318104906937394,0.7297297297297298,0.0,0.0,0
1.0,0.0,0.0,1.0,0.0,0.0785405071119356,0.0,0.1624365482233502,0.7297297297297298,0.0,0.0,0
1.0,1.0,0.25,1.0,0.0,0.0201855287569573,0.0659632946183172,0.1658206429780034,0.7297297297297298,1.0,0.0,1
1.0,1.0,0.25,1.0,0.0,0.0511193568336425,0.088660342228921,0.2758037225042301,0.1081081081081081,1.0,0.0,0
1.0,0.0,0.0,1.0,0.0,0.0204081632653061,0.0358483317078937,0.0642978003384094,0.7297297297297298,1.0,1.0,1
1.0,1.0,0.25,1.0,0.0,0.0460729746444032,0.0,0.0981387478849407,0.7297297297297298,1.0,1.0,0
1.0,1.0,1.0,1.0,1.0,0.0632776747062461,0.0524278157047019,0.3011844331641286,0.7297297297297298,1.0,0.5,1
1.0,0.0,0.0,0.0,0.0,0.0343475572047,0.071076041020185,0.1725888324873096,0.7297297297297298,1.0,0.5,1
1.0,1.0,0.5,0.0,0.0,0.0504143475572047,0.0307355853060259,0.170896785109983,0.7297297297297298,1.0,1.0,1
1.0,1.0,0.0,1.0,0.0,0.0265553494124922,0.0449803469574725,0.1607445008460236,0.7297297297297298,1.0,1.0,1
1.0,1.0,0.25,1.0,0.0,0.0289548546691403,0.0607027809794012,0.1607445008460236,0.7297297297297298,1.0,0.5,1
1.0,1.0,0.0,0.0,0.0,0.0402721088435374,0.1305375772083813,0.1928934010152284,0.7297297297297298,1.0,0.5,1
0.0,0.0,0.0,1.0,0.0,0.0290661719233147,0.0,0.0981387478849407,0.7297297297297298,1.0,1.0,1
0.0,0.0,0.0,1.0,1.0,0.1930612244897959,0.0,0.0778341793570219,0.7297297297297298,1.0,0.5,1
1.0,1.0,0.0,1.0,0.0,0.0199010513296227,0.1046487572775364,0.2064297800338409,0.7297297297297298,1.0,0.5,1
1.0,0.0,0.0,0.0,0.0,0.0437971552257266,0.0,0.170896785109983,0.7297297297297298,1.0,0.0,1
1.0,1.0,0.5,1.0,0.0,0.0266048237476808,0.0291337880958713,0.116751269035533,0.3243243243243243,1.0,1.0,1
1.0,1.0,0.25,1.0,0.0,0.1161162646876932,0.0,0.3011844331641286,0.7297297297297298,1.0,1.0,1
1.0,1.0,1.0,1.0,0.0,0.1063698206555349,0.1476490232585631,0.2047377326565143,0.7297297297297298,1.0,0.0,1
0.0,0.0,0.0,1.0,0.0,0.0496722325293753,0.0,0.0592216582064297,0.7297297297297298,1.0,0.5,1
1.0,1.0,0.0,1.0,0.0,0.0290538033395176,0.0726423737328959,0.2554991539763113,0.7297297297297298,1.0,0.5,1
0.0,0.0,0.0,1.0,0.0,0.0382683982683982,0.0,0.1201353637901861,0.7297297297297298,1.0,1.0,1
1.0,1.0,0.5,1.0,0.0,0.2042795299938157,0.0,0.4500846023688663,0.7297297297297298,1.0,1.0,1
0.0,0.0,0.5,1.0,0.0,0.0405318491032776,0.0,0.2182741116751269,0.7297297297297298,1.0,1.0,0
1.0,0.0,0.0,0.0,0.0,0.0377241805813234,0.0666134704613293,0.1979695431472081,0.3243243243243243,0.0,1.0,0
1.0,1.0,1.0,0.0,0.0,0.0345949288806431,0.0491769364896415,0.1032148900169204,0.3243243243243243,0.0,1.0,0
0.0,0.0,1.0,1.0,0.0,0.0362770562770562,0.0,0.416243654822335,0.7297297297297298,1.0,0.0,1
1.0,0.0,0.0,1.0,0.0,0.0458627087198515,0.0,0.1133671742808798,0.7297297297297298,1.0,0.5,1
1.0,1.0,0.5,0.0,0.0,0.0556833642547928,0.0,0.170896785109983,0.7297297297297298,1.0,0.0,1
0.0,1.0,0.25,1.0,0.0,0.039282622139765,0.0269822974850016,0.1624365482233502,0.1081081081081081,1.0,0.5,1
0.0,0.0,0.0,1.0,0.0,0.0446753246753246,0.0492360433844608,0.2131979695431472,0.7297297297297298,1.0,0.0,1
1.0,1.0,1.0,1.0,0.0,0.0518491032776747,0.005585601560422,0.1945854483925549,0.7297297297297298,1.0,0.5,1
1.0,1.0,0.0,0.0,0.0,0.024947433518862,0.0709282737831368,0.1793570219966159,0.7297297297297298,1.0,1.0,1
1.0,1.0,1.0,1.0,0.0,0.0311193568336425,0.0615598309542808,0.1455160744500846,0.7297297297297298,1.0,0.0,1
1.0,1.0,0.25,1.0,1.0,0.0339517625231911,0.0,0.1455160744500846,0.7297297297297298,1.0,0.5,1
1.0,0.0,0.0,1.0,0.0,0.0434137291280148,0.1496586576824186,0.3011844331641286,0.7297297297297298,1.0,0.5,1
1.0,1.0,0.5,1.0,0.0,0.0701175015460729,0.1477672370482017,0.1878172588832487,0.7297297297297298,1.0,0.0,1
1.0,0.0,0.0,1.0,1.0,0.1991341991341991,0.0,0.3096446700507614,0.7297297297297298,0.0,1.0,0
1.0,1.0,0.5,1.0,0.0,0.0622758194186765,0.0,0.2470389170896785,0.7297297297297298,1.0,0.5,1
1.0,1.0,1.0,1.0,0.0,0.0356957328385899,0.0740018323137394,0.2521150592216582,0.7297297297297298,0.0,0.5,0
1.0,0.0,0.0,0.0,0.0,0.05856524427953,0.0,0.065989847715736,0.7297297297297298,1.0,0.0,1
1.0,0.0,0.0,1.0,0.0,0.0288064316635745,0.0,0.0846023688663282,0.7297297297297298,1.0,1.0,1
1.0,1.0,0.5,1.0,0.0,0.0441187384044527,0.0,0.1878172588832487,0.7297297297297298,1.0,0.5,1
1.0,1.0,0.5,1.0,1.0,0.0754483611626468,0.0384194816325324,0.1675126903553299,0.7297297297297298,1.0,0.0,1
1.0,1.0,1.0,1.0,1.0,0.0683611626468769,0.0420841091113278,0.1539763113367174,0.7297297297297298,1.0,0.0,1
1.0,1.0,1.0,0.0,0.0,0.0364254792826221,0.0,0.1759729272419627,0.7297297297297298,1.0,0.0,1
0.0,0.0,0.0,1.0,0.0,0.0381818181818181,0.0,0.0355329949238578,0.7297297297297298,1.0,1.0,1
0.0,0.0,0.0,0.0,0.0,0.0224242424242424,0.0,0.0744500846023688,0.7297297297297298,1.0,0.5,1
1.0,1.0,0.5,1.0,0.0,0.1181570810142238,0.0,0.1742808798646362,0.7297297297297298,1.0,1.0,1
1.0,0.0,0.0,0.0,0.0,0.0464069264069264,0.0492360433844608,0.1692047377326565,0.7297297297297298,1.0,0.0,1
1.0,0.0,0.0,1.0,0.0,0.0236239950525664,0.0652835653278955,0.2115059221658206,0.7297297297297298,1.0,0.5,1
1.0,1.0,1.0,1.0,0.0,0.0630797773654916,0.0,0.143824027072758,0.7297297297297298,1.0,1.0,0
1.0,0.0,0.0,1.0,0.0,0.0476190476190476,0.0738836185241008,0.22165820642978,0.7297297297297298,1.0,0.0,1
1.0,1.0,1.0,1.0,0.0,0.0405689548546691,0.0369418092620504,0.2013536379018612,0.7297297297297298,0.0,0.5,0
0.0,1.0,0.0,1.0,1.0,0.0661719233147804,0.0,0.1624365482233502,0.7297297297297298,0.0,0.0,0
1.0,1.0,1.0,0.0,0.0,0.0308843537414966,0.0469013210390992,0.2774957698815566,0.7297297297297298,1.0,0.0,0
1.0,0.0,0.0,1.0,0.0,0.0344465058750773,0.0,0.1505922165820643,0.7297297297297298,1.0,0.5,1
0.0,0.0,0.0,1.0,0.0,0.0363141620284477,0.0,0.1878172588832487,0.7297297297297298,1.0,0.5,1
1.0,0.0,0.0,0.0,0.0,0.0317501546072974,0.0,0.0862944162436548,0.3243243243243243,1.0,1.0,1
1.0,0.0,0.0,1.0,1.0,0.0773036487322201,0.0,0.3231810490693739,0.7297297297297298,1.0,0.0,1
1.0,1.0,0.5,1.0,0.0,0.0463821892393321,0.0,0.1370558375634517,0.7297297297297298,1.0,0.5,1
1.0,1.0,0.5,1.0,0.0,0.0142115027829313,0.0320950438868694,0.0135363790186125,0.1891891891891892,1.0,1.0,1
1.0,0.0,0.25,0.0,0.0,0.0312801484230055,0.0384785885273517,0.143824027072758,0.7297297297297298,1.0,0.5,1
1.0,0.0,0.0,1.0,0.0,0.0426716141001855,0.0,0.1201353637901861,0.7297297297297298,1.0,1.0,0
1.0,1.0,0.0,1.0,1.0,0.4823376623376624,0.1403788751957916,0.1878172588832487,0.7297297297297298,1.0,0.5,1
0.0,0.0,0.0,0.0,0.0,0.0249226963512677,0.0,0.1032148900169204,0.7297297297297298,1.0,0.5,1
1.0,0.0,0.0,1.0,0.0,0.0716264687693259,0.1250701894375979,0.4856175972927242,0.7297297297297298,1.0,0.5,1
1.0,1.0,0.25,0.0,0.0,0.04143475572047,0.0320063835446404,0.2131979695431472,0.7297297297297298,1.0,1.0,1
0.0,0.0,0.0,1.0,1.0,0.0303030303030303,0.0507432692023524,0.1522842639593908,0.5945945945945945,1.0,0.5,0
1.0,1.0,0.5,0.0,0.0,0.0338775510204081,0.0,0.0609137055837563,0.3243243243243243,0.0,1.0,0
1.0,1.0,0.5,1.0,0.0,0.0790352504638219,0.0,0.3316412859560068,0.7297297297297298,1.0,0.5,1
0.0,1.0,0.0,1.0,0.0,0.0373036487322201,0.0,0.0456852791878172,0.7297297297297298,1.0,0.5,1
1.0,1.0,0.5,1.0,0.0,0.0696351267779839,0.0,0.3096446700507614,0.7297297297297298,1.0,1.0,1
0.0,0.0,0.25,0.0,1.0,0.0459740259740259,0.0,0.0896785109983079,0.7297297297297298,1.0,0.5,0
1.0,1.0,0.5,1.0,0.0,0.0605071119356833,0.0615598309542808,0.2978003384094754,0.7297297297297298,1.0,0.0,0
0.0,0.0,0.25,1.0,0.0,0.1621768707482993,0.0,0.0524534686971235,0.7297297297297298,1.0,1.0,1
0.0,0.0,0.25,1.0,0.0,0.0337167594310451,0.0461033779590389,0.1370558375634517,0.7297297297297298,1.0,1.0,1
0.0,1.0,0.0,0.0,0.0,0.0219913419913419,0.0485858675414487,0.1539763113367174,0.7297297297297298,1.0,0.5,1
1.0,1.0,0.0,1.0,1.0,0.1163883735312306,0.0,0.3079526226734349,0.7297297297297298,1.0,0.5,1
1.0,0.0,0.0,0.0,0.0,0.0445021645021645,0.04929515027928,0.170896785109983,0.7297297297297298,1.0,0.5,1
1.0,1.0,0.0,0.0,0.0,0.0499443413729128,0.0,0.1793570219966159,0.3243243243243243,1.0,0.5,1
1.0,1.0,0.0,0.0,0.0,0.0284972170686456,0.0689481928066909,0.2910321489001692,0.7297297297297298,0.0,1.0,0
1.0,0.0,0.0,0.0,0.0,0.07291280148423,0.0,0.1793570219966159,0.7297297297297298,0.0,0.0,0
1.0,1.0,0.5,1.0,1.0,0.2025355596784168,0.0299671956733753,0.2385786802030456,0.7297297297297298,1.0,0.0,1
1.0,1.0,0.0,1.0,0.0,0.0373036487322201,0.0609983154534976,0.1607445008460236,0.7297297297297298,0.0,1.0,0
1.0,1.0,0.0,1.0,0.0,0.0347309833024118,0.0857049974879569,0.2064297800338409,0.7297297297297298,1.0,0.5,1
1.0,1.0,0.0,0.0,0.0,0.0513296227581941,0.0595206430830156,0.3130287648054145,0.7297297297297298,1.0,0.0,1
1.0,1.0,0.25,0.0,0.0,0.0401855287569573,0.0484676537518101,0.1725888324873096,0.3243243243243243,1.0,1.0,1
1.0,0.0,0.0,0.0,0.0,0.0455534941249227,0.0,0.170896785109983,0.7297297297297298,1.0,0.0,1
0.0,1.0,0.0,1.0,0.0,0.0308596165739022,0.1016638590891627,0.1878172588832487,0.7297297297297298,0.0,1.0,0
0.0,1.0,0.0,1.0,0.0,0.0548299319727891,0.0,0.1742808798646362,0.7297297297297298,1.0,0.0,0
1.0,0.0,0.0,1.0,0.0,0.0492640692640692,0.0,0.1912013536379018,0.7297297297297298,1.0,0.5,1
1.0,1.0,0.25,1.0,0.0,0.1311069882498454,0.0,0.5126903553299492,0.7297297297297298,1.0,1.0,1
1.0,0.0,0.0,0.0,0.0,0.0159802102659245,0.0,0.0439932318104906,0.7297297297297298,1.0,1.0,0
1.0,1.0,0.5,1.0,0.0,0.047730364873222,0.0507432692023524,0.1810490693739424,0.7297297297297298,1.0,0.5,1
1.0,1.0,0.25,1.0,1.0,0.0250834879406307,0.0,0.0964467005076142,0.5945945945945945,0.0,0.0,0
1.0,1.0,0.5,1.0,1.0,0.2145949288806432,0.0,0.6615905245346869,0.7297297297297298,1.0,0.0,1
1.0,0.0,0.0,1.0,0.0,0.075856524427953,0.1305080237609717,0.338409475465313,0.7297297297297298,0.0,0.0,0
1.0,1.0,0.25,1.0,1.0,0.0944588744588744,0.0,0.3908629441624365,0.7297297297297298,1.0,1.0,1
1.0,1.0,0.0,1.0,0.0,0.0342609771181199,0.0004764015970682,0.1319796954314721,0.7297297297297298,1.0,0.0,1
1.0,0.0,0.0,1.0,0.0,0.0404205318491032,0.0,0.1996615905245347,0.7297297297297298,1.0,0.5,0
1.0,1.0,0.25,1.0,0.0,0.0321583178726035,0.0544374501285574,0.1793570219966159,0.7297297297297298,1.0,0.5,1
0.0,0.0,0.0,1.0,0.0,0.1268769325912183,0.0,0.4230118443316413,0.7297297297297298,1.0,1.0,1
1.0,1.0,0.25,0.0,0.0,0.0223623995052566,0.0719921978898838,0.2064297800338409,0.7297297297297298,1.0,0.0,1
1.0,1.0,1.0,1.0,0.0,0.0517377860235003,0.0535212932588586,0.2554991539763113,0.7297297297297298,0.0,1.0,1
1.0,1.0,0.25,0.0,0.0,0.0258379715522572,0.0745929012619322,0.2013536379018612,0.7297297297297298,1.0,1.0,1
0.0,0.0,0.0,1.0,0.0,0.0340136054421768,0.0,0.104906937394247,0.7297297297297298,1.0,0.0,1
1.0,1.0,0.5,1.0,0.0,0.0387507730364873,0.060141265478618,0.2351945854483925,0.7297297297297298,1.0,1.0,1
1.0,1.0,0.5,1.0,1.0,0.0290661719233147,0.1359458580843455,0.2825719120135364,0.7297297297297298,1.0,0.0,1
1.0,1.0,0.0,1.0,0.0,0.0352504638218924,0.1009545763513313,0.0795262267343485,0.3243243243243243,1.0,0.5,1
1.0,1.0,1.0,1.0,0.0,0.0410142238713667,0.101309217720247,0.2385786802030456,0.7297297297297298,1.0,0.0,1
1.0,1.0,0.5,1.0,1.0,0.0651453308596165,0.1240062653308508,0.4365482233502538,0.7297297297297298,1.0,1.0,1
0.0,0.0,0.0,1.0,0.0,0.0599876314162028,0.075095309867896,0.2402707275803722,1.0,1.0,0.0,0
1.0,1.0,0.0,1.0,0.0,0.0475324675324675,0.0967579868191624,0.3350253807106599,0.7297297297297298,1.0,0.5,1
1.0,1.0,1.0,1.0,0.0,0.0401978973407544,0.0738836185241008,0.1928934010152284,0.7297297297297298,0.0,0.0,0
1.0,1.0,1.0,0.0,0.0,0.0373902288188002,0.0,0.1099830795262267,0.7297297297297298,1.0,0.5,1
0.0,0.0,0.0,0.0,0.0,0.0401978973407544,0.0,0.1455160744500846,0.7297297297297298,1.0,0.0,0
1.0,1.0,0.5,1.0,0.0,0.0754483611626468,0.0500930933593403,0.3401015228426396,0.7297297297297298,1.0,0.5,1
0.0,1.0,0.0,1.0,0.0,0.0429808286951144,0.0,0.1675126903553299,0.7297297297297298,1.0,0.5,1
1.0,1.0,0.0,1.0,1.0,0.1975262832405689,0.0,0.4247038917089678,0.7297297297297298,1.0,1.0,1
1.0,1.0,0.25,1.0,0.0,0.0367965367965368,0.0763365546591009,0.272419627749577,0.7297297297297298,1.0,0.5,0
1.0,1.0,0.5,0.0,0.0,0.0511811997526283,0.0964328988976564,0.2098138747884941,0.3243243243243243,1.0,1.0,1
1.0,0.0,0.0,1.0,0.0,0.1115151515151515,0.0,0.3976311336717428,0.7297297297297298,1.0,1.0,0
1.0,0.0,0.5,1.0,0.0,0.0590352504638218,0.0,0.2656514382402707,0.7297297297297298,0.0,0.5,1
1.0,1.0,0.5,1.0,1.0,0.0318614718614718,0.0,0.1641285956006768,0.7297297297297298,0.0,0.5,0
1.0,0.0,0.0,1.0,0.0,0.0373160173160173,0.0,0.1099830795262267,0.7297297297297298,1.0,1.0,0
1.0,1.0,0.5,1.0,1.0,0.1134570191713049,0.2326742914560983,0.6277495769881556,0.5945945945945945,1.0,0.0,1
1.0,0.0,0.5,1.0,0.0,0.0665677179962894,0.1373644235600082,0.2588832487309644,0.7297297297297298,1.0,0.0,1
1.0,1.0,0.5,0.0,0.0,0.0500927643784786,0.0422614297957856,0.2030456852791878,0.7297297297297298,1.0,0.0,0
1.0,0.0,0.0,1.0,0.0,0.0445269016697588,0.1403788751957916,0.2825719120135364,0.7297297297297298,1.0,1.0,0
1.0,1.0,0.0,1.0,0.0,0.0315151515151515,0.0601117120312084,0.1912013536379018,0.7297297297297298,1.0,0.5,1
1.0,1.0,0.0,1.0,0.0,0.1134570191713049,0.0,0.1116751269035532,0.3243243243243243,1.0,1.0,1
1.0,1.0,0.5,1.0,0.0,0.0525664811379097,0.0,0.1996615905245347,0.7297297297297298,0.0,0.5,0
1.0,0.0,0.0,1.0,0.0,0.0580457637600494,0.1124804208410911,0.2402707275803722,0.7297297297297298,1.0,0.5,1
1.0,1.0,0.25,1.0,0.0,0.0401978973407544,0.0738836185241008,0.2774957698815566,0.7297297297297298,1.0,0.5,1
1.0,1.0,0.0,1.0,0.0,0.0439579468150896,0.0591068948192806,0.1878172588832487,0.7297297297297298,1.0,0.0,1
1.0,1.0,0.5,1.0,0.0,0.0546196660482374,0.0,0.1539763113367174,0.7297297297297298,1.0,1.0,0
1.0,1.0,0.0,1.0,0.0,0.0397773654916512,0.0650175843012087,0.2131979695431472,0.7297297297297298,1.0,0.0,0
0.0,0.0,0.0,1.0,0.0,0.1218305504019789,0.0,0.3468697123519458,0.7297297297297298,1.0,0.5,0
0.0,0.0,0.0,1.0,0.0,0.0166975881261595,0.0531962053373526,0.1590524534686971,0.7297297297297298,0.0,0.5,0
1.0,1.0,0.0,1.0,0.0,0.067012987012987,0.0633034843514496,0.2808798646362098,0.7297297297297298,1.0,0.0,0
1.0,0.0,0.5,1.0,0.0,0.0420160791589363,0.0,0.1201353637901861,0.7297297297297298,0.0,0.0,0
1.0,1.0,0.5,1.0,0.0,0.0371428571428571,0.0461033779590389,0.2115059221658206,0.7297297297297298,1.0,1.0,1
1.0,1.0,0.0,0.0,0.0,0.0453184910327767,0.0438277625084966,0.1945854483925549,0.5945945945945945,1.0,0.5,1
1.0,0.0,0.0,0.0,0.0,0.0396784168212739,0.0,0.1201353637901861,0.0,1.0,0.5,0
1.0,1.0,0.25,1.0,0.0,0.0763760049474335,0.0,0.2808798646362098,0.7297297297297298,1.0,0.5,1
1.0,1.0,0.0,1.0,0.0,0.1785157699443413,0.0,0.7225042301184432,0.7297297297297298,1.0,0.5,1
1.0,1.0,1.0,0.0,1.0,0.0686827458256029,0.0,0.2047377326565143,0.7297297297297298,1.0,0.0,1
1.0,1.0,0.0,1.0,1.0,0.1213729128014842,0.0,0.2893401015228426,0.7297297297297298,1.0,0.0,1
1.0,1.0,0.5,1.0,0.0,0.0476932591218305,0.0450985607471111,0.2690355329949238,0.7297297297297298,1.0,1.0,1
1.0,0.0,0.0,1.0,0.0,0.07578231292517,0.0,0.1844331641285956,0.7297297297297298,0.0,0.0,0
1.0,1.0,0.5,1.0,1.0,0.0548299319727891,0.0615598309542808,0.2554991539763113,0.7297297297297298,1.0,0.5,1
0.0,0.0,0.0,1.0,0.0,0.0342238713667285,0.0,0.1269035532994923,0.7297297297297298,1.0,0.5,1
1.0,1.0,0.5,1.0,0.0,0.0234384662956091,0.0478470313562077,0.155668358714044,0.7297297297297298,1.0,0.0,1
1.0,1.0,0.0,0.0,0.0,0.0352504638218924,0.0492360433844608,0.1539763113367174,1.0,0.0,1.0,0
1.0,0.0,0.0,1.0,0.0,0.0290661719233147,0.0,0.1472081218274111,1.0,1.0,0.5,0
1.0,0.0,0.0,0.0,0.0,0.0426468769325912,0.0380352868162071,0.1539763113367174,0.7297297297297298,1.0,0.0,0
1.0,1.0,0.5,1.0,1.0,0.017934446505875,0.5910689481928068,0.3891708967851099,0.7297297297297298,1.0,1.0,0
1.0,1.0,0.0,1.0,1.0,0.0288064316635745,0.0890445370452463,0.3028764805414551,0.7297297297297298,1.0,1.0,1
1.0,1.0,0.0,1.0,0.0,0.0365244279529993,0.0384194816325324,0.1201353637901861,0.7297297297297298,1.0,1.0,1
1.0,1.0,0.5,1.0,0.0,0.1012121212121212,0.0935957679463309,0.2639593908629442,0.7297297297297298,1.0,0.0,1
1.0,1.0,0.0,1.0,0.0,0.0577241805813234,0.027277831959098,0.1878172588832487,0.3243243243243243,1.0,1.0,1
0.0,0.0,0.0,1.0,0.0,0.0491527520098948,0.0,0.1793570219966159,0.7297297297297298,1.0,0.5,1
1.0,1.0,0.5,1.0,0.0,0.0361533704390847,0.2395602447025445,0.3231810490693739,0.7297297297297298,1.0,1.0,1
1.0,0.0,0.0,1.0,0.0,0.0496722325293753,0.2130803558235068,0.2961082910321489,0.7297297297297298,1.0,1.0,1
0.0,0.0,0.0,1.0,0.0,0.0275572047000618,0.0,0.0,0.7297297297297298,1.0,1.0,0
1.0,0.0,0.0,1.0,1.0,0.0620408163265306,0.0,0.2013536379018612,0.7297297297297298,1.0,0.5,1
1.0,1.0,0.0,1.0,0.0,0.0962646876932591,0.0,0.4500846023688663,0.7297297297297298,1.0,1.0,0
1.0,0.0,0.0,1.0,0.0,0.1040940012368583,0.0,0.3401015228426396,0.7297297297297298,1.0,1.0,1
1.0,0.0,0.0,0.0,0.0,0.0473098330241187,0.0747997753937996,0.0778341793570219,0.7297297297297298,1.0,0.0,1
1.0,1.0,0.0,1.0,0.0,0.0205194805194805,0.0552058397612081,0.1370558375634517,0.7297297297297298,1.0,1.0,1
1.0,1.0,1.0,1.0,0.0,0.0663698206555349,0.3339539557289357,0.8223350253807106,0.7297297297297298,0.0,0.5,0
1.0,0.0,0.25,1.0,0.0,0.4646753246753247,0.0,0.2419627749576988,0.7297297297297298,1.0,0.5,1
1.0,1.0,0.25,1.0,0.0,0.0171675943104514,0.0421136625587374,0.0355329949238578,0.7297297297297298,1.0,1.0,1
1.0,1.0,1.0,1.0,0.0,0.0476190476190476,0.2290392174247126,0.4754653130287648,0.7297297297297298,1.0,0.5,0
1.0,1.0,0.25,1.0,0.0,0.100803957946815,0.0,0.2419627749576988,0.5945945945945945,0.0,0.5,0
1.0,1.0,0.0,1.0,0.0,0.0714038342609771,0.0607027809794012,0.3417935702199661,0.7297297297297298,1.0,0.0,1
1.0,1.0,0.0,1.0,0.0,0.023908472479901,0.093093359340367,0.2013536379018612,0.7297297297297298,1.0,0.5,1
0.0,1.0,0.0,1.0,0.0,0.0269635126777983,0.1325767650796465,0.1539763113367174,0.7297297297297298,1.0,0.5,1
1.0,0.0,0.0,0.0,0.0,0.0750278293135436,0.0,0.2098138747884941,0.7297297297297298,1.0,0.0,0
1.0,1.0,0.0,1.0,0.0,0.056895485466914,0.0689481928066909,0.2047377326565143,0.7297297297297298,1.0,1.0,1
1.0,0.0,0.0,1.0,0.0,0.0348175633889919,0.1684842036823595,0.2470389170896785,0.054054054054054,1.0,1.0,1
1.0,1.0,0.0,1.0,0.0,0.0548299319727891,0.1662381416792268,0.416243654822335,0.7297297297297298,1.0,0.5,1
1.0,1.0,0.5,1.0,0.0,0.0583178726035868,0.1662085882318172,0.3367174280879864,0.7297297297297298,1.0,0.5,1
0.0,0.0,0.0,1.0,0.0,0.0245763760049474,0.2653899577385702,0.2165820642978003,0.7297297297297298,0.0,0.5,1
1.0,1.0,0.5,0.0,0.0,0.0435992578849721,0.0071519342731329,0.1675126903553299,0.7297297297297298,1.0,0.5,1
1.0,1.0,0.0,0.0,0.0,0.0187755102040816,0.1149629104235009,0.3248730964467005,0.7297297297297298,0.0,0.5,0
1.0,1.0,0.25,1.0,1.0,0.0105132962275819,0.089310518071933,0.170896785109983,0.7297297297297298,1.0,1.0,0
1.0,1.0,0.5,1.0,1.0,0.072356215213358,0.0,0.3316412859560068,0.4594594594594595,1.0,0.5,0
1.0,0.0,0.0,1.0,0.0,0.0348917748917749,0.0824836717203061,0.2284263959390862,0.7297297297297298,1.0,0.5,1
1.0,0.0,0.0,1.0,0.0,0.0560667903525046,0.0565948517894612,0.2978003384094754,0.7297297297297298,1.0,0.5,0
1.0,1.0,0.25,1.0,0.0,0.0980828695114409,0.0664952566716907,0.2893401015228426,0.7297297297297298,1.0,1.0,1
1.0,0.0,1.0,1.0,0.0,0.1115275200989486,0.0,0.2978003384094754,0.7297297297297298,1.0,0.0,1
1.0,1.0,1.0,1.0,0.0,0.0510946196660482,0.0,0.1539763113367174,0.7297297297297298,1.0,1.0,1
1.0,0.0,0.0,1.0,0.0,0.0258132343846629,0.0,0.0913705583756345,1.0,0.0,0.5,0
0.0,0.0,0.0,1.0,0.0,0.0496722325293753,0.0,0.1810490693739424,0.7297297297297298,0.0,0.5,0
1.0,0.0,0.0,1.0,0.0,0.0317625231910946,0.0,0.1032148900169204,0.7297297297297298,1.0,0.5,1
1.0,0.0,0.0,0.0,1.0,0.0300927643784786,0.0640423205366906,0.1607445008460236,0.7297297297297298,1.0,0.0,1
1.0,1.0,0.0,1.0,0.0,0.0305504019789734,0.0656973135916304,0.2385786802030456,0.7297297297297298,1.0,0.5,1
1.0,1.0,0.0,0.0,0.0,0.0204081632653061,0.0867098146998847,0.1421319796954314,0.7297297297297298,0.0,1.0,0
1.0,1.0,0.25,1.0,0.0,0.0404081632653061,0.0517185329668705,0.299492385786802,0.7297297297297298,1.0,1.0,1
1.0,1.0,0.5,0.0,0.0,0.0474582560296846,0.0416999142950025,0.2504230118443316,0.7297297297297298,1.0,0.0,1
1.0,1.0,0.0,1.0,0.0,0.1321335807050092,0.0,0.3807106598984771,0.7297297297297298,1.0,0.5,1
1.0,1.0,1.0,1.0,0.0,0.0373160173160173,0.1182137896385613,0.2893401015228426,0.5945945945945945,0.0,0.5,0
1.0,1.0,0.0,1.0,0.0,0.0311193568336425,0.1270798238614534,0.1895093062605753,0.7297297297297298,1.0,0.0,1
1.0,1.0,1.0,0.0,0.0,0.0457637600494743,0.0290510388036764,0.1539763113367174,0.7297297297297298,1.0,0.5,1
0.0,0.0,0.0,1.0,0.0,0.0291527520098948,0.0,0.0795262267343485,0.7297297297297298,1.0,0.0,1
0.0,1.0,0.0,1.0,0.0,0.0517377860235003,0.0724354996010284,0.170896785109983,0.7297297297297298,1.0,1.0,0
1.0,1.0,0.0,1.0,0.0,0.0278293135435992,0.0640423205366906,0.1793570219966159,0.7297297297297298,1.0,0.5,1
1.0,1.0,0.0,1.0,0.0,0.0306122448979591,0.1847090463102521,0.3011844331641286,0.7297297297297298,1.0,0.0,1
1.0,0.0,0.0,1.0,0.0,0.0219666048237476,0.0547034311552442,0.0693739424703891,0.7297297297297298,1.0,0.5,1
1.0,0.0,0.0,1.0,0.0,0.0436116264687693,0.127109377308863,0.2758037225042301,0.7297297297297298,1.0,0.0,1
1.0,0.0,0.0,1.0,0.0,0.1012121212121212,0.1108254277861512,0.3011844331641286,0.7297297297297298,1.0,0.0,1
1.0,0.0,0.0,1.0,0.0,0.0293877551020408,0.0526937967313887,0.2301184433164128,0.7297297297297298,1.0,0.0,1
1.0,1.0,0.5,1.0,0.0,0.0552380952380952,0.0,0.2115059221658206,0.7297297297297298,1.0,1.0,0
1.0,1.0,1.0,1.0,0.0,0.0561657390228818,0.0,0.1539763113367174,0.7297297297297298,1.0,0.5,1
1.0,1.0,0.0,1.0,0.0,0.0323809523809523,0.0576292224487986,0.2470389170896785,0.7297297297297298,1.0,0.0,1
0.0,1.0,0.5,1.0,0.0,0.0151886209029066,0.0555900345775334,0.2673434856175973,0.7297297297297298,1.0,1.0,0
0.0,0.0,0.0,1.0,0.0,0.0871985157699443,0.0,0.1878172588832487,0.7297297297297298,1.0,0.0,1
1.0,1.0,0.25,1.0,0.0,0.1569696969696969,0.3241422111889352,0.5752961082910321,0.7297297297297298,1.0,0.5,0
1.0,1.0,0.0,1.0,0.0,0.0225974025974026,0.0294647870674114,0.0693739424703891,0.7297297297297298,1.0,0.5,1
1.0,0.0,0.0,1.0,0.0,0.04143475572047,0.0,0.1218274111675126,0.5945945945945945,1.0,0.5,1
1.0,1.0,0.25,1.0,1.0,0.1218305504019789,0.0,0.2470389170896785,0.7297297297297298,1.0,0.0,0
1.0,0.0,0.0,1.0,0.0,0.0383920841063698,0.0,0.0693739424703891,0.7297297297297298,1.0,1.0,1
1.0,1.0,1.0,1.0,0.0,1.0000000000000002,0.0,0.5939086294416243,0.7297297297297298,0.0,0.0,0
1.0,1.0,0.0,1.0,0.0,0.0550401978973407,0.0,0.1082910321489001,0.3243243243243243,1.0,0.5,1
0.0,1.0,0.0,1.0,0.0,0.0373160173160173,0.0674705204362088,0.2453468697123519,0.7297297297297298,1.0,0.5,1
1.0,0.0,0.0,0.0,1.0,0.069882498453927,0.0,0.2081218274111675,0.7297297297297298,1.0,0.5,1
1.0,1.0,0.0,1.0,0.0,0.0356586270871985,0.0431184797706652,0.1455160744500846,0.7297297297297298,1.0,1.0,1
1.0,1.0,0.0,1.0,0.0,0.0270006184291898,0.0714306823891006,0.2148900169204737,0.7297297297297298,1.0,1.0,1
0.0,1.0,0.0,0.0,0.0,0.0247247990105132,0.0956645092650057,0.2859560067681895,0.7297297297297298,0.0,0.5,0
1.0,1.0,0.25,1.0,1.0,0.1053308596165739,0.1472648284422378,0.6209813874788493,0.7297297297297298,0.0,0.0,0
1.0,1.0,0.0,0.0,0.0,0.0735435992578849,0.0,0.3536379018612521,0.7297297297297298,0.0,0.0,0
1.0,0.0,0.0,1.0,0.0,0.0445269016697588,0.0,0.1759729272419627,1.0,1.0,1.0,0
0.0,0.0,0.0,1.0,0.0,0.0351886209029066,0.0,0.0862944162436548,0.7297297297297298,1.0,1.0,1
1.0,1.0,0.0,1.0,1.0,0.0701051329622758,0.0638354464048231,0.2961082910321489,0.7297297297297298,1.0,0.5,1
1.0,1.0,0.0,1.0,0.0,0.0660235003092146,0.0,0.1962774957698815,0.7297297297297298,1.0,0.0,1
0.0,0.0,0.0,1.0,0.0,0.072356215213358,0.0,0.2487309644670051,0.7297297297297298,1.0,1.0,1
0.0,0.0,0.0,1.0,0.0,0.0543846629560915,0.0,0.1793570219966159,0.7297297297297298,1.0,0.5,1
1.0,0.0,0.0,0.0,0.0,0.0820408163265306,0.0,0.2047377326565143,0.7297297297297298,1.0,0.5,1
1.0,1.0,0.5,0.0,0.0,0.0396660482374768,0.0844933061441617,0.2284263959390862,0.7297297297297298,1.0,1.0,1
1.0,0.0,0.0,1.0,0.0,0.0638961038961039,0.0,0.2148900169204737,0.7297297297297298,1.0,1.0,1
1.0,1.0,0.5,1.0,0.0,0.1435621521335807,0.0,0.3011844331641286,0.3243243243243243,1.0,1.0,1
1.0,1.0,0.0,1.0,0.0,0.0687445887445887,0.1662381416792268,0.3011844331641286,0.7297297297297298,1.0,0.5,1
1.0,1.0,0.0,0.0,0.0,0.0928880643166357,0.0,0.1607445008460236,0.7297297297297298,0.0,1.0,0
1.0,1.0,1.0,1.0,0.0,0.1156957328385899,0.0,0.4500846023688663,0.7297297297297298,1.0,0.0,1
1.0,1.0,0.25,1.0,0.0,0.033790970933828,0.0544670035759671,0.1928934010152284,1.0,1.0,0.5,1
0.0,1.0,0.25,1.0,1.0,0.2391341991341991,0.0,1.0,0.7297297297297298,1.0,0.5,1
1.0,1.0,0.0,1.0,1.0,0.0300185528756957,0.1108254277861512,0.2419627749576988,0.7297297297297298,1.0,0.0,1
1.0,1.0,0.5,1.0,0.0,0.0458750773036487,0.0,0.1472081218274111,0.7297297297297298,1.0,0.5,1
1.0,1.0,0.0,1.0,0.0,0.0206555349412492,0.0508023760971717,0.1539763113367174,0.7297297297297298,1.0,1.0,1
1.0,1.0,0.5,1.0,0.0,0.0648237476808905,0.0,0.2047377326565143,0.7297297297297298,1.0,1.0,1
0.0,1.0,0.0,1.0,0.0,0.0435003092145949,0.0431184797706652,0.2284263959390862,0.7297297297297298,1.0,0.5,1
1.0,1.0,0.25,1.0,0.0,0.0773036487322201,0.2142624937198924,0.2893401015228426,0.7297297297297298,0.0,1.0,0
1.0,1.0,0.25,0.0,0.0,0.0310575139146567,0.209859030055856,0.4568527918781725,0.3243243243243243,1.0,0.5,1
0.0,0.0,0.0,1.0,0.0,0.0415584415584415,0.0,0.1133671742808798,0.7297297297297298,0.0,1.0,0
1.0,1.0,0.25,1.0,0.0,0.1785157699443413,0.0,0.2978003384094754,0.3243243243243243,1.0,0.0,1
1.0,1.0,0.25,0.0,0.0,0.0544712430426716,0.0363211868664479,0.2521150592216582,0.7297297297297298,1.0,1.0,1
0.0,0.0,0.0,1.0,0.0,0.0495980210265924,0.0,0.104906937394247,0.7297297297297298,1.0,0.5,1
1.0,1.0,0.0,1.0,0.0,0.0467161410018552,0.0236427579277122,0.1742808798646362,0.7297297297297298,1.0,0.5,1
0.0,0.0,0.0,1.0,0.0,0.0278293135435992,0.0550580725241599,0.1607445008460236,0.7297297297297298,0.0,1.0,0
1.0,0.0,0.25,1.0,0.0,0.0523685837971552,0.0529893312054851,0.182741116751269,0.7297297297297298,1.0,1.0,1
1.0,1.0,0.5,1.0,0.0,0.0919356833642548,0.0,0.3011844331641286,0.7297297297297298,1.0,1.0,1
1.0,0.0,0.0,1.0,1.0,0.0857761286332715,0.0,0.1269035532994923,0.7297297297297298,1.0,0.5,1
1.0,0.0,0.0,1.0,0.0,0.1836611008039579,0.0,0.3942470389170897,0.7297297297297298,0.0,0.5,0
1.0,1.0,0.0,0.0,0.0,0.0727643784786642,0.0,0.2554991539763113,0.7297297297297298,1.0,1.0,0
1.0,0.0,0.0,0.0,0.0,0.0270006184291898,0.0428820521913881,0.1573604060913705,1.0,0.0,1.0,0
1.0,0.0,0.0,1.0,0.0,0.0274087816944959,0.0747997753937996,0.2148900169204737,0.7297297297297298,1.0,0.5,1
1.0,0.0,0.0,1.0,0.0,0.072356215213358,0.0,0.2233502538071066,0.7297297297297298,1.0,1.0,1
1.0,0.0,0.0,1.0,1.0,0.1269758812615955,0.0,0.3011844331641286,0.7297297297297298,0.0,1.0,0
1.0,1.0,0.0,1.0,0.0,0.0378231292517006,0.0906108697579572,0.2758037225042301,0.7297297297297298,1.0,1.0,1
1.0,1.0,0.5,0.0,0.0,0.022795299938157,0.0480243520406655,0.1759729272419627,0.3243243243243243,1.0,0.5,1
1.0,1.0,0.0,1.0,0.0,0.0276190476190476,0.0985311936637408,0.2758037225042301,0.7297297297297298,1.0,0.5,1
0.0,0.0,0.0,0.0,0.0,0.0519480519480519,0.0,0.2453468697123519,0.7297297297297298,1.0,0.0,1
1.0,1.0,0.0,1.0,0.0,0.0689672232529375,0.1357980908472973,0.4213197969543147,0.7297297297297298,1.0,0.5,0
1.0,1.0,0.0,1.0,1.0,0.0352504638218924,0.0,0.0964467005076142,0.7297297297297298,1.0,1.0,1
1.0,1.0,0.0,0.0,0.0,0.0303030303030303,0.0564766379998226,0.1810490693739424,0.7297297297297298,0.0,0.5,0
1.0,1.0,0.5,0.0,0.0,0.0362770562770562,0.0640718739841002,0.1979695431472081,0.7297297297297298,1.0,1.0,1
1.0,1.0,1.0,1.0,0.0,0.0773778602350031,0.0,0.2385786802030456,0.7297297297297298,1.0,0.5,0
1.0,0.0,0.0,1.0,0.0,0.0290661719233147,0.5910689481928068,0.1590524534686971,0.7297297297297298,1.0,0.5,1
1.0,1.0,0.0,1.0,0.0,0.04143475572047,0.0492655968318704,0.1776649746192893,0.7297297297297298,1.0,0.5,1
0.0,0.0,0.25,1.0,0.0,0.0452937538651824,0.0,0.1742808798646362,0.7297297297297298,1.0,0.0,1
1.0,1.0,0.0,1.0,0.0,0.0440074211502782,0.075922806395366,0.2774957698815566,0.7297297297297298,1.0,1.0,0
1.0,1.0,0.25,0.0,0.0,0.0291898577612863,0.0586044862133167,0.22165820642978,0.3243243243243243,1.0,1.0,0
1.0,1.0,0.0,1.0,0.0,0.0245145330859616,0.0470195348287377,0.1472081218274111,0.7297297297297298,1.0,0.5,1
1.0,1.0,0.0,1.0,0.0,0.0283116883116883,0.0985016402163312,0.2030456852791878,0.7297297297297298,1.0,0.0,1
1.0,1.0,0.0,1.0,0.0,0.1012244897959183,0.0,0.2554991539763113,0.7297297297297298,1.0,0.5,0
1.0,0.0,0.0,1.0,0.0,0.2483982683982684,0.0,0.7969543147208121,0.7297297297297298,1.0,0.0,0
1.0,0.0,0.0,1.0,0.0,0.0589610389610389,0.0,0.2047377326565143,0.7297297297297298,0.0,0.0,1
1.0,1.0,0.0,1.0,0.0,0.1104885590599876,0.0,0.3705583756345177,0.7297297297297298,1.0,0.5,1
0.0,0.0,0.0,1.0,0.0,0.0061224489795918,0.1088453468097053,0.1759729272419627,1.0,1.0,0.0,1
1.0,0.0,0.0,1.0,0.0,0.0380828695114409,0.0809468924550048,0.170896785109983,0.7297297297297298,1.0,1.0,1
1.0,0.0,0.0,1.0,1.0,0.1341991341991342,0.0,0.1252115059221658,0.7297297297297298,1.0,1.0,0
1.0,1.0,0.5,1.0,0.0,0.0810142238713667,0.0517185329668705,0.3739424703891709,0.5945945945945945,1.0,0.5,1
0.0,0.0,0.0,1.0,1.0,0.0548299319727891,0.0,0.2098138747884941,0.7297297297297298,0.0,0.5,0
1.0,1.0,0.0,1.0,0.0,0.0685837971552257,0.1231492153559712,0.2808798646362098,0.7297297297297298,1.0,0.5,1
1.0,1.0,0.0,1.0,0.0,0.046221397649969,0.07887815113633,0.2588832487309644,0.7297297297297298,1.0,0.5,1
1.0,1.0,0.5,0.0,0.0,0.0465924551638837,0.0,0.1945854483925549,0.7297297297297298,1.0,0.5,1
1.0,0.0,0.0,1.0,0.0,0.0208534322820037,1.0,0.1370558375634517,0.7297297297297298,1.0,1.0,0
1.0,1.0,0.0,1.0,0.0,0.032591218305504,0.0595797499778349,0.170896785109983,0.7297297297297298,1.0,0.0,1
1.0,0.0,0.0,1.0,0.0,0.1063698206555349,0.1231492153559712,0.5059221658206429,0.7297297297297298,1.0,0.0,0
1.0,1.0,0.0,1.0,0.0,0.1135188620902906,0.0,0.3028764805414551,0.3243243243243243,1.0,0.0,1
0.0,0.0,0.25,1.0,0.0,0.041199752628324,0.0,0.2470389170896785,0.0,1.0,0.5,0
1.0,1.0,1.0,1.0,0.0,0.0620531849103277,0.0935957679463309,0.3231810490693739,0.7297297297297298,1.0,0.5,1
1.0,1.0,0.5,1.0,0.0,0.0415584415584415,0.1305080237609717,0.3959390862944162,0.7297297297297298,1.0,0.0,1
0.0,0.0,0.0,1.0,1.0,0.0901793444650587,0.0,0.3130287648054145,0.7297297297297298,1.0,0.0,0
1.0,1.0,0.0,1.0,0.0,0.0740012368583797,0.1154357655820551,0.532994923857868,0.7297297297297298,1.0,1.0,1
1.0,1.0,0.0,1.0,0.0,0.1821892393320965,0.0,0.1472081218274111,0.7297297297297298,1.0,0.5,1
0.0,0.0,0.0,1.0,0.0,0.0457142857142857,0.0,0.1725888324873096,0.7297297297297298,1.0,0.5,1
0.0,0.0,0.25,1.0,0.0,0.0303030303030303,0.0,0.2554991539763113,0.7297297297297298,1.0,1.0,0
0.0,1.0,0.25,1.0,0.0,0.1465677179962894,0.0,0.8240270727580371,0.7297297297297298,1.0,0.5,1
1.0,1.0,0.0,0.0,0.0,0.0303030303030303,0.0502408605963885,0.1658206429780034,0.7297297297297298,1.0,0.0,1
1.0,1.0,0.0,1.0,0.0,0.0373902288188002,0.0892809646245234,0.2165820642978003,0.7297297297297298,1.0,1.0,1
0.0,1.0,0.0,1.0,0.0,0.0288682745825602,0.068032035936992,0.2165820642978003,0.7297297297297298,1.0,0.5,1
1.0,0.0,0.25,1.0,0.0,0.036017316017316,0.0587227000029553,0.1725888324873096,0.3243243243243243,0.0,1.0,0
1.0,1.0,0.0,1.0,0.0,0.0448361162646877,0.0,0.170896785109983,0.7297297297297298,1.0,0.5,1
1.0,1.0,0.5,1.0,0.0,0.0394557823129251,0.0505363950704849,0.2385786802030456,0.7297297297297298,0.0,0.0,0
1.0,1.0,0.5,0.0,0.0,0.0263574520717377,0.0,0.1759729272419627,0.7297297297297298,1.0,0.0,0
1.0,1.0,0.0,1.0,0.0,0.1360049474335188,0.0,0.2148900169204737,0.7297297297297298,1.0,1.0,1
1.0,1.0,0.0,1.0,0.0,0.0288559059987631,0.072878801312173,0.1370558375634517,0.3243243243243243,0.0,0.0,1
1.0,0.0,0.5,1.0,0.0,0.0519975262832405,0.0,0.2148900169204737,0.7297297297297298,1.0,0.0,1
0.0,0.0,0.0,1.0,0.0,0.1012121212121212,0.0,0.4585448392554991,0.7297297297297298,1.0,0.5,1
1.0,1.0,0.25,1.0,1.0,0.0410142238713667,0.0357596713656648,0.2047377326565143,0.7297297297297298,1.0,0.0,1
1.0,1.0,0.25,1.0,0.0,0.2248979591836734,0.0,0.8307952622673435,0.7297297297297298,1.0,1.0,0
1.0,0.0,0.0,1.0,0.0,0.0586889301175015,0.0,0.1573604060913705,0.7297297297297298,1.0,0.5,1
1.0,1.0,0.0,1.0,0.0,0.0354359925788497,0.064662942932293,0.2436548223350254,0.7297297297297298,1.0,0.0,1
1.0,1.0,0.0,1.0,0.0,0.0413976499690785,0.0580429707125336,0.1810490693739424,0.7297297297297298,1.0,0.0,1
1.0,1.0,0.0,1.0,0.0,0.0383426097711812,0.0,0.272419627749577,0.7297297297297298,1.0,0.0,0
1.0,1.0,0.0,1.0,0.0,0.0458750773036487,0.0975263764518131,0.2250423011844331,0.3243243243243243,1.0,0.0,1
1.0,1.0,0.5,1.0,0.0,0.0451453308596165,0.1063924106747052,0.350253807106599,0.7297297297297298,0.0,1.0,0
1.0,1.0,0.25,1.0,0.0,0.0979839208410636,0.0070928273783136,0.4128595600676819,0.7297297297297298,1.0,1.0,1
0.0,0.0,0.0,1.0,0.0,0.0504638218923933,0.0,0.1742808798646362,0.7297297297297298,1.0,0.5,0
1.0,0.0,0.0,1.0,0.0,0.0445269016697588,0.0,0.1539763113367174,0.7297297297297298,1.0,1.0,1
1.0,1.0,0.0,0.0,0.0,0.0300927643784786,0.0696870289919319,0.1878172588832487,0.7297297297297298,1.0,1.0,1
1.0,0.0,0.0,0.0,0.0,0.0322201607915893,0.0,0.0947546531302876,0.5945945945945945,1.0,0.0,0
1.0,1.0,0.5,1.0,0.0,0.0364873222016079,0.0413748263734964,0.1759729272419627,0.7297297297297298,1.0,1.0,1
1.0,1.0,0.0,1.0,0.0,0.0290661719233147,0.0625942016136182,0.1607445008460236,0.7297297297297298,1.0,0.5,1
1.0,0.0,0.0,1.0,0.0,0.0487940630797773,0.1018707332210302,0.2402707275803722,0.7297297297297298,1.0,0.0,1
1.0,1.0,0.5,0.0,1.0,0.0770933828076685,0.0295534474096403,0.3011844331641286,0.7297297297297298,1.0,0.0,0
1.0,1.0,0.0,0.0,0.0,0.0342238713667285,0.0158406478115672,0.0964467005076142,0.7297297297297298,1.0,0.0,0
1.0,1.0,1.0,1.0,0.0,0.1836734693877551,0.0,0.4923857868020304,0.7297297297297298,1.0,0.0,1
1.0,1.0,0.5,1.0,0.0,0.0715522572665429,0.0,0.2098138747884941,0.7297297297297298,1.0,0.5,1
1.0,1.0,0.0,1.0,0.0,0.0281385281385281,0.0691550669385583,0.2267343485617597,0.7297297297297298,1.0,0.5,1
1.0,1.0,0.5,1.0,1.0,0.0964502164502164,0.2117800041374826,0.7969543147208121,0.7297297297297298,1.0,0.0,1
0.0,1.0,0.5,1.0,0.0,0.1820160791589363,0.0,0.1032148900169204,0.7297297297297298,1.0,1.0,1
0.0,0.0,0.0,1.0,0.0,0.0205442176870748,0.0492360433844608,0.0761421319796954,0.7297297297297298,1.0,1.0,1
1.0,1.0,0.25,1.0,0.0,0.039369202226345,0.0960487040813311,0.2521150592216582,0.7297297297297298,1.0,1.0,1
1.0,1.0,0.0,1.0,0.0,0.0468893011750154,0.0690368531489198,0.2115059221658206,0.7297297297297298,1.0,0.5,1
1.0,1.0,0.5,0.0,0.0,0.0386270871985157,0.0537872742855454,0.1218274111675126,0.7297297297297298,1.0,1.0,1
1.0,1.0,0.0,1.0,0.0,0.0290661719233147,0.1121848863669947,0.1878172588832487,0.7297297297297298,1.0,1.0,1
1.0,1.0,0.5,1.0,0.0,0.0496846011131725,0.0427638384017495,0.2521150592216582,0.7297297297297298,1.0,0.0,1
0.0,0.0,0.0,1.0,0.0,0.1218305504019789,0.0492360433844608,0.365482233502538,0.7297297297297298,1.0,0.0,0
1.0,0.0,0.0,1.0,0.0,0.0230550401978973,0.0570086000531962,0.1099830795262267,0.7297297297297298,1.0,1.0,1
1.0,0.0,0.0,1.0,0.0,0.0372047000618429,0.0902266749416319,0.1353637901861252,0.7297297297297298,1.0,0.0,1
1.0,0.0,0.0,1.0,0.0,0.0331849103277674,0.0548807518397021,0.1979695431472081,0.7297297297297298,1.0,0.0,1
1.0,1.0,0.5,0.0,1.0,0.0213358070500927,0.0554127138930756,0.1489001692047377,0.7297297297297298,1.0,0.5,1
1.0,1.0,0.0,0.0,0.0,0.0211873840445269,0.0307651387534355,0.1505922165820643,0.7297297297297298,1.0,0.5,1
1.0,0.0,0.0,1.0,0.0,0.0651453308596165,0.0,0.2690355329949238,0.7297297297297298,1.0,1.0,1
1.0,1.0,0.5,1.0,0.0,0.1393568336425479,0.033277181783255,0.365482233502538,0.7297297297297298,1.0,1.0,1
1.0,1.0,0.25,1.0,0.0,0.071799628942486,0.1662381416792268,0.5177664974619288,0.7297297297297298,1.0,1.0,1
1.0,1.0,0.0,1.0,0.0,0.036178107606679,0.071401128941691,0.2199661590524534,0.7297297297297298,1.0,0.0,1
1.0,1.0,0.0,1.0,1.0,0.0409276437847866,0.0,0.027072758037225,0.1891891891891892,1.0,0.5,1
1.0,1.0,1.0,1.0,0.0,0.048930117501546,0.0,0.0524534686971235,0.3243243243243243,1.0,0.0,1
1.0,1.0,0.0,0.0,0.0,0.0260111317254174,0.0600821585837988,0.170896785109983,0.7297297297297298,1.0,0.0,1
1.0,0.0,0.0,1.0,0.0,0.0282622139764996,0.0,0.1116751269035532,0.7297297297297298,1.0,1.0,0
1.0,1.0,0.0,1.0,0.0,0.0517377860235003,0.0724354996010284,0.170896785109983,0.7297297297297298,1.0,1.0,0
0.0,0.0,0.091412163824659,0.6343513447013638,1.0,0.0740157292017646,0.0,0.2313610448402369,0.7297297297297298,1.0,0.1828243276493181,0
1.0,1.0,1.0,1.0,0.0,0.0571208742555254,0.1559082439208394,0.3998287025679651,0.7297297297297298,1.0,0.5,0
1.0,1.0,0.0,1.0,0.0,0.068519497655969,0.0403100435777912,0.3584512225070255,0.7297297297297298,1.0,1.0,0
1.0,1.0,0.2761084177134542,1.0,0.0,0.0505822210152754,0.0339943750389883,0.2864352834710721,0.7297297297297298,1.0,0.0,0
1.0,1.0,1.0,1.0,0.0,0.0387704281703678,0.0818765255473639,0.2500007455697277,0.6550144474227935,0.0,0.5,0
1.0,1.0,0.3981741809698483,1.0,0.0,0.036669898432966,0.0530280987722601,0.2358219744425001,0.7297297297297298,0.0,0.0,0
1.0,1.0,0.0404266631663576,1.0,0.0,0.0379376748162639,0.0646685790479962,0.1760669586281964,0.7297297297297298,0.0,1.0,0
0.0,0.0,0.0,1.0,0.6303455439385955,0.0407341411498168,0.0196642143485098,0.1910496892016207,0.7297297297297298,0.0,0.5,0
1.0,1.0,0.0,1.0,0.0,0.0468459796454511,0.0821577873976544,0.2635967384232206,0.7297297297297298,1.0,0.1210799691387129,0
1.0,1.0,1.0,1.0,0.0,0.0360147024355502,0.0827054090036255,0.259443190117838,0.7031269941053914,0.0,0.5,0
1.0,0.0,0.0,1.0,0.0,0.145246244271718,0.0,0.4913782679741476,0.8568380093097402,1.0,0.2351503172230192,0
1.0,0.0,0.0,1.0,0.0,0.0444961468291184,0.1380518343603305,0.2798792242401098,0.7297297297297298,1.0,1.0,0
1.0,1.0,0.25,1.0,1.0,0.1119113395945706,0.0885320153470695,0.4718439902195495,0.7297297297297298,0.398824442444553,0.0,0
1.0,1.0,0.091784063390308,0.0,0.0,0.0309591983752578,0.0461093273553282,0.1589960456828701,0.6553102188727233,0.0,0.591784063390308,0
0.0,1.0,0.0,1.0,0.0,0.0523613323284336,0.0578285279823014,0.171579204314773,0.7297297297297298,1.0,0.7983451249845511,0
1.0,1.0,0.5,1.0,1.0,0.0662529469518513,0.0,0.30639418468261,0.5001939308014675,0.8492824560345705,0.5,0
1.0,1.0,0.2459006116296406,1.0,0.0,0.0534592423770238,0.0368116322898454,0.1908684083895478,0.7297297297297298,1.0,1.0,0
0.0,0.0,0.0760467983022795,1.0,0.0,0.0283924496832705,0.0,0.0777195705153584,0.7297297297297298,1.0,1.0,0
1.0,1.0,0.0,0.0,0.0,0.0900377214029922,0.0,0.174165663164859,0.7297297297297298,0.1416411951862801,1.0,0
1.0,1.0,0.0,0.0,0.0,0.0692625951208034,0.0282638362698327,0.1546775838287297,0.7297297297297298,0.0,1.0,0
1.0,1.0,0.6101205237827741,0.0,0.0,0.0458622838977205,0.0432833243038032,0.2194426499033572,0.7297297297297298,1.0,0.0,0
1.0,1.0,1.0,1.0,0.0,0.0445559574465518,0.1490891247059489,0.4168233630598781,0.7297297297297298,0.0,0.5,0
1.0,1.0,1.0,1.0,0.0,0.0404982687864464,0.0439791852801772,0.1997419716255475,0.7297297297297298,0.0,0.4047505230698577,0
1.0,0.0,0.0,1.0,0.0,0.2006717813066472,0.0,0.6577239035518644,0.7297297297297298,1.0,0.3486659872917294,0
1.0,0.0,0.0,1.0,0.0,0.0613996224927995,0.0511517541348207,0.3074017199905141,0.7297297297297298,1.0,0.5480882755457104,0
1.0,1.0,0.25,1.0,0.0,0.0967483581587036,0.0033695925162818,0.2413589502317049,0.6026319912851885,0.0,0.470261632244802,0
1.0,0.0,0.0,1.0,0.0,0.0352129254960965,0.0,0.1586442036522637,1.0,1.0,0.6987860105437611,0
1.0,0.0,0.0,1.0,0.0,0.0331104030291848,0.4822486494725199,0.1572052133030999,0.8696625271695893,1.0,1.0,0
1.0,0.837710105907328,0.209427526476832,1.0,1.0,0.1396914919283816,0.0953153030039073,0.2642864240456269,0.3901175246321643,0.0,1.0,0
1.0,1.0,0.0810774707401798,1.0,0.0,0.1379817289151698,0.0,0.5735528319224397,0.7297297297297298,1.0,1.0,0
1.0,0.0,0.0,1.0,0.0,0.2107914248267382,0.0326079271544079,0.7198936929093278,0.7297297297297298,1.0,0.0,0
1.0,0.0,0.0,1.0,0.0,0.0528289505603654,0.0,0.1701221244084794,0.7297297297297298,1.0,1.0,0
1.0,0.0,0.0,1.0,0.0,0.1341930640411135,0.0,0.2980364615137363,0.7297297297297298,0.0,0.2707239869137829,0
1.0,1.0,0.847892199672541,1.0,0.0,0.036839598547917,0.0668632802281524,0.2479970815478183,0.7297297297297298,0.0,0.3478921996725411,0
0.0,1.0,0.0,1.0,0.0,0.0541232219486787,0.0165551350127133,0.1735074449346961,0.7297297297297298,1.0,0.2285500217972996,0
0.0,0.0,0.2062612682260159,1.0,0.0,0.055306507974501,0.0086140883808206,0.2677611588776912,0.1276698116646021,1.0,0.4125225364520319,0
1.0,1.0,0.4955420858323589,1.0,0.0,0.0393338168690312,0.0506454813645065,0.2384579921714344,0.7297297297297298,0.0,0.0,0
0.5166358912710143,0.0,0.0,0.0,0.0,0.0581922902884251,0.0,0.1787346258346845,0.7297297297297298,1.0,0.0,0
1.0,1.0,0.0652072937076022,1.0,0.0,0.1298159977518398,0.0,0.5493850496393267,0.7297297297297298,1.0,1.0,0
1.0,1.0,0.0,0.0,0.0,0.0354663915785785,0.0490515903832107,0.1540016670067145,0.9989874864210606,0.0,1.0,0
1.0,0.0,0.0,1.0,0.0,0.1782026191854988,0.0,0.3837733737405991,0.7390758510030289,0.0,0.5,0
1.0,1.0,0.1395733634017744,1.0,0.0,0.0393569054497969,0.1365161272889553,0.1995701053602774,0.203612226247114,1.0,0.2208532731964512,0
1.0,0.0,0.0,1.0,0.0,0.0758478146946089,0.1151911248492515,0.3203382525046191,0.7297297297297298,0.0,0.0,0
0.0,1.0,0.4056464458293103,1.0,0.0,0.0220857081651054,0.058768893570783,0.2491433076557383,0.7297297297297298,1.0,1.0,0
0.2788713525921819,1.0,0.0,1.0,0.0,0.0495820087152737,0.0734080095636692,0.2006241881781852,0.7297297297297298,1.0,1.0,0
0.0,0.0,0.0,1.0,0.2996421700272287,0.0444227985510898,0.0152048232980687,0.167689766141533,0.6892375445909151,1.0,0.5,0
0.8466611422383059,1.0,0.0,0.0,0.0,0.0294476706883052,0.0624856614177381,0.1971353793252538,0.7297297297297298,0.0,0.5,0
1.0,1.0,0.0,1.0,0.0,0.0719283489012392,0.0542083114106709,0.2772332730595116,0.7297297297297298,1.0,0.0718378540609537,0
1.0,1.0,0.1011270317805475,1.0,0.0,0.1045649390782236,0.2119848182211696,0.4836044662743134,0.7297297297297298,1.0,0.5,0
1.0,1.0,0.5,0.0,0.8877700987609598,0.0713992943119042,0.0262366669255832,0.2871319582204924,0.7297297297297298,1.0,0.0,0
1.0,1.0,0.0372678878081218,1.0,0.0,0.0402472592754874,0.0132167347488684,0.2729241000041709,0.6370636303149404,1.0,0.0,0
1.0,1.0,0.5,1.0,0.0,0.0551982900397161,0.0,0.2078030284323387,0.7297297297297298,1.0,1.0,0
1.0,1.0,0.6073296744430282,0.0,0.0,0.0459694994580081,0.0432574258289774,0.2190270919644441,0.7297297297297298,1.0,0.0,0
1.0,1.0,0.0,0.0,0.0,0.0543291865557414,0.0329383347328044,0.1562166615586177,0.9105373661389808,0.0,1.0,0
0.0,0.0,0.0,1.0,0.0,0.0463891196216003,0.0436068417729122,0.1657734268203515,0.8866720598476905,1.0,0.0,0
1.0,1.0,0.0,0.0,0.0,0.0652972376346572,0.0427987103444507,0.2218467484881371,0.7297297297297298,0.0,0.8138586167191284,0
1.0,1.0,0.0299332787711107,1.0,0.0,0.0666235026683091,0.0631990978250143,0.2818928351529986,0.7297297297297298,1.0,0.0,0
1.0,0.0,0.0,1.0,0.0,0.0573915791702674,0.0583476383729948,0.3032814688309576,0.7297297297297298,1.0,0.4868319183776586,0
0.0,0.0,0.0,1.0,0.0,0.0246687832125699,0.0545294493776499,0.1602640931053511,0.7297297297297298,0.0,0.8580395126312672,0
1.0,1.0,0.0,1.0,0.0,0.0493772119639425,0.0735003970659526,0.203448262608624,0.7297297297297298,1.0,1.0,0
1.0,1.0,0.7571931232068867,1.0,0.0,0.0398375160764975,0.062545885706974,0.215078800925259,0.7297297297297298,0.0,0.0,0
1.0,1.0,0.7242120714931237,1.0,0.0,0.0471865006963925,0.0165655991586963,0.2004203454196045,0.7297297297297298,0.0,0.5,0
0.0,0.0,0.2486143656527051,1.0,0.0,0.0411241382963479,0.0,0.2456696946551265,0.0040445543110227,1.0,0.5027712686945897,0
1.0,1.0,0.0,1.0,0.0,0.0870713148724578,0.0133567388990779,0.4197218684042483,0.7297297297297298,1.0,1.0,0
1.0,0.0,0.0,1.0,0.0,0.2458310525615705,0.0022259668465252,0.7916938028056352,0.7297297297297298,1.0,0.0,0
1.0,0.0,0.0,1.0,0.5061062848165654,0.0889942672559379,0.0,0.1227044312258032,0.7297297297297298,1.0,1.0,0
1.0,0.0,0.0,1.0,0.0,0.0338944956614738,0.010120444724971,0.174137429984261,0.9516695380482896,1.0,0.5,0
1.0,1.0,0.0,0.0,0.0,0.0229999864839978,0.0935295172536135,0.2721660800515345,0.7297297297297298,0.0,0.5,0
0.0,1.0,0.0,1.0,0.0,0.0362008677437294,0.0941863831693985,0.183488502928199,0.7297297297297298,0.2558294769434377,1.0,0
1.0,1.0,0.2790600757478707,0.0,0.0,0.0766207775262867,0.0137233196218475,0.1446902832903086,0.6165972665887012,0.0,1.0,0
0.0,0.0,0.0,1.0,0.0,0.1218305504019789,0.0151676945126955,0.3526035003559666,0.7297297297297298,1.0,0.3459696040738054,0
1.0,0.0,0.0,1.0,0.0,0.0412282121758009,0.0761611873137622,0.2036194644950926,0.7297297297297298,1.0,1.0,0
1.0,1.0,0.0,0.0,0.0,0.0833863353886929,0.0,0.2554910240953999,0.7297297297297298,0.0,0.50881407683876,0
0.0,0.0,0.0909168454535261,1.0,0.0,0.0431319995997898,0.0,0.2038173169662893,0.7297297297297298,1.0,0.6818336909070524,0
0.0,0.0,0.4373845453486039,1.0,0.0,0.0379699205443807,0.0,0.2275975634675513,0.7297297297297298,1.0,1.0,0
0.0,0.0,0.0,1.0,0.0,0.0408578681224026,0.0307987757882985,0.1354713384198695,0.8405754466052584,1.0,0.0,0
1.0,1.0,0.0,1.0,0.0,0.0511626588346301,0.0750647694054093,0.1694682137580378,0.7211727803817605,1.0,0.9894464291375044,0
1.0,1.0,1.0,1.0,0.0,0.0506261043826771,0.200531488531234,0.529665153210383,0.7297297297297298,0.0,0.5,0
1.0,1.0,0.2734753030703615,1.0,0.0,0.0742839436990505,0.204133362153049,0.2950599723217124,0.7297297297297298,0.0,1.0,0
1.0,1.0,0.2828028172447857,1.0,0.0,0.0537175806377309,0.0314655728896196,0.193865541840524,0.7297297297297298,1.0,1.0,0
0.0,0.6499215923053243,0.0,1.0,0.0,0.0346050441886938,0.0660735371791327,0.1617538918129175,0.7297297297297298,0.0,1.0,0
1.0,0.0,0.0,1.0,0.0,0.0256328622616735,0.3548966379694351,0.1206826557860262,0.7297297297297298,1.0,1.0,0
1.0,1.0,1.0,1.0,0.0,0.0387073389946489,0.0739227562656662,0.2125002671942326,0.7297297297297298,0.0,0.1655379701684501,0
1.0,0.0,0.0,0.8641675650719031,0.0,0.0390460557257287,0.0,0.1097927926027675,0.7297297297297298,1.0,1.0,0
1.0,0.2301852682415552,0.25,1.0,0.0,0.0455208215880063,0.0945256691419246,0.1994632546677957,0.4176426763141441,0.0,1.0,0
1.0,1.0,0.1252016550288119,1.0,0.0,0.05733591353683,0.1377540305558316,0.2251460289826714,0.7297297297297298,0.0,1.0,0
1.0,0.0,0.0,0.0,0.0,0.0532625799315335,0.0183533382672067,0.1699425627575624,0.8454042704840046,0.0,0.4279958007908169,0
1.0,1.0,0.4421385035765772,1.0,0.0,0.0536545712930205,0.0388399492999907,0.2393619153492172,0.6984532451765283,0.0,0.1157229928468455,0
1.0,0.9563962282455662,0.0,0.0,0.0,0.0735160940957393,0.0,0.3460385981544726,0.7297297297297298,0.0,0.0,0
0.0,0.0,0.0,1.0,0.0054494892026589,0.1216580674969745,0.0,0.3466852964736833,0.7297297297297298,1.0,0.4972752553986705,0
1.0,0.0,0.2650277430045285,1.0,0.0,0.0591805337021058,0.0,0.1400145733498707,0.7297297297297298,0.0,0.0,0
0.0,0.0,0.4301099145508104,1.0,0.0,0.0376722770233034,0.0,0.2286807572242448,0.7297297297297298,1.0,1.0,0
1.0,0.0,0.4417470111331295,1.0,0.0,0.046271393348766,0.0,0.1250637046418672,0.7297297297297298,0.0,0.0,0
0.7477187738974139,1.0,0.0,1.0,0.0,0.0639394309497706,0.0473332037027,0.2539869420567463,0.7297297297297298,1.0,0.0,0
1.0,1.0,0.2617320382440117,1.0,0.0,0.0985402622559482,0.0,0.2399776585035513,0.6009362368886549,0.0,0.5,0
1.0,1.0,0.3326875761676284,1.0,0.0,0.0542243596938147,0.079696839868107,0.2830791099166103,0.3137096488492382,1.0,0.0,0
1.0,0.5527649668354899,0.0,0.0,0.0,0.0281524928439123,0.077722025517869,0.1671044942376122,0.5484182297981717,0.0,1.0,0
1.0,1.0,0.5,1.0,0.0,0.0469589365160307,0.0216147967526041,0.2163067228579877,0.7297297297297298,0.0,0.2861462345854191,0
1.0,0.0,0.0,1.0,0.0,0.0779768697134316,0.1279411376212447,0.3395077119075643,0.7297297297297298,0.0,0.0098342081419771,0
1.0,1.0,0.4623268719969359,0.0,0.0,0.0334721630010802,0.0051949881863728,0.0782522687256064,0.3548701037862682,0.0,1.0,0
0.0,0.0,0.0,1.0,0.0,0.0930114696226728,0.0341847316803367,0.2728937961888231,0.7297297297297298,1.0,0.0,0
1.0,0.0,0.0,1.0,0.809088968849654,0.1167255209584098,0.0,0.1242424143934838,0.7297297297297298,1.0,1.0,0
0.0,0.0,0.0671187142225392,1.0,0.0,0.0312198858027191,0.0,0.1121214203063064,0.5338156449720478,1.0,0.1342374284450784,0
0.0,0.0,0.1213199685690789,1.0,0.0,0.0774140869555382,0.0,0.3025294192708612,0.7297297297297298,1.0,0.7426399371381578,0
1.0,1.0,0.5,1.0,0.0,0.0443419675834222,0.0317021443174387,0.2240747919743432,0.7297297297297298,0.0,0.1863434335470246,0
0.0,0.0,0.0,1.0,0.0,0.0317460748511188,0.0209960883132975,0.1313987641351197,0.7297297297297298,0.0,0.8026542665952638,0
1.0,1.0,0.25,1.0,0.0,0.0971429185823128,0.0333792809567704,0.2493435398640664,0.6156468728748228,0.0,0.5778934296368443,0
1.0,1.0,0.267495791297292,1.0,0.0,0.0466710991607386,0.0,0.1020464373117471,0.7297297297297298,1.0,1.0,0
1.0,1.0,0.0,1.0,0.0,0.0264084939549974,0.1882316992779848,0.1079807871979386,0.3528714043984637,1.0,0.535208065424772,0
1.0,0.0,0.0,1.0,0.0,0.0316602116717897,0.0,0.1251081408957422,0.7861942480041515,1.0,1.0,0
1.0,0.0,0.0,1.0,1.0,0.0931087148017433,0.0859433418565065,0.1672289511378847,0.457644520206466,1.0,1.0,0
1.0,0.0,0.0,1.0,0.0,0.0767715303924433,0.0,0.1765441486347713,0.7297297297297298,0.0,0.0,0
1.0,1.0,0.6270818245348694,0.0,0.0,0.0340598823951273,0.012498989628278,0.0716651289792613,0.3243243243243243,0.0,1.0,0
0.0,0.0,0.1761773528952653,1.0,0.0,0.065009268347595,0.0145389402224178,0.2820141136875223,0.215482321278685,1.0,0.3523547057905306,0
1.0,0.0,0.0,1.0,0.0,0.1488886523054589,0.0420954628033708,0.3762365901524978,0.7297297297297298,0.0,0.3387246178806997,0
1.0,0.0,0.0756651025376627,1.0,0.0,0.0730132579395493,0.0,0.1560351013081503,0.7297297297297298,0.0,0.0,0
1.0,1.0,0.2158446671394928,1.0,0.0,0.0455987695173967,0.0659073529238774,0.2701079300940435,0.7297297297297298,1.0,0.5,0
1.0,1.0,0.3544554984550593,0.0,0.0,0.0286472802222036,0.004611038379767,0.1528237171823613,0.7297297297297298,1.0,0.0,0
1.0,1.0,0.3882049942269769,1.0,0.0,0.0507977563889098,0.0,0.1290068684229458,0.7297297297297298,1.0,1.0,0
1.0,1.0,0.6482550718238993,1.0,0.0,0.042343429192988,0.0967882756320599,0.3211546728738201,0.7297297297297298,0.0,0.8517449281761007,0
0.0,0.4197808564462765,0.0,1.0,0.0,0.0578225279265541,0.0435717363764521,0.2125694527895012,0.8865457144739793,1.0,0.0,0
1.0,0.0,0.128103471797229,1.0,0.0,0.0671311693752273,0.0,0.167959621224045,0.7297297297297298,0.0,0.0,0
1.0,0.0,0.0,1.0,0.0,0.0393965932367985,0.0,0.113927102766169,0.7297297297297298,1.0,1.0,0
1.0,1.0,0.02039854510006,1.0,0.0,0.0512755703819009,0.0665251843792006,0.1649601526950755,0.7297297297297298,1.0,1.0,0
1.0,0.0,0.0025924313869933,1.0,0.0,0.078351132965101,0.0,0.1622172223868872,0.7297297297297298,0.0,0.0,0
1.0,1.0,0.0,1.0,0.0,0.046883933094089,0.0746251600604054,0.2378296922872488,0.7297297297297298,1.0,1.0,0
0.1942739535120422,1.0,0.0,1.0,0.0,0.0502359774774888,0.0731129924790738,0.1916061913219266,0.7297297297297298,1.0,1.0,0
1.0,1.0,1.0,1.0,0.0,0.0372010728493878,0.1150773528435768,0.2866993228866355,0.6041812049999902,0.0,0.5,0
1.0,1.0,0.5,0.0,0.0,0.0357752401289233,0.0167686518579028,0.1867149597892085,0.7297297297297298,1.0,0.0,0
0.0507685310393969,1.0,0.5,1.0,0.0,0.0172218738838041,0.0527678101816028,0.2645086945443314,0.7297297297297298,1.0,1.0,0
1.0,0.0,0.0,1.0,0.0,0.0401978064409272,0.1133828510493401,0.1220538553477045,0.7297297297297298,1.0,1.0,0
1.0,0.0,0.4861916140631476,1.0,0.0,0.0430247659535318,0.0,0.1213035859506643,0.7297297297297298,0.0,0.0,0
1.0,0.0,0.0,1.0,0.0,0.0802672913809504,0.0,0.2764924403321235,0.7297297297297298,1.0,1.0,0
0.0,0.0,0.0,1.0,0.4384741230180869,0.0334176341529346,0.0298710458541668,0.1813100231650467,0.7297297297297298,0.0,0.5,0
1.0,0.0,0.0,1.0,0.0,0.0895447563235473,0.0,0.3249330350654333,0.8183713147850813,1.0,1.0,0
1.0,1.0,0.0,0.0,0.0,0.0593540912122243,0.0185329594096466,0.2970024161041917,0.7297297297297298,0.0,0.1640763337373659,0
1.0,1.0,0.922479191636128,1.0,0.0,0.0496172339471899,0.2030729425777661,0.4479198481278965,0.7297297297297298,1.0,0.4224791916361279,0
0.0181591116894689,0.0,0.0,0.0,0.0,0.0402423686346878,0.0006906870214364,0.1456697048366283,0.7297297297297298,1.0,0.0,0
1.0,1.0,0.4597333755173408,0.1610664979306366,1.0,0.08429904171942,0.0247933771335923,0.2924634045113699,0.7297297297297298,1.0,0.0,0
1.0,0.0,0.0,1.0,0.0,0.1261963360287821,0.1059581536337367,0.5465489097299354,0.7297297297297298,1.0,0.0,0
1.0,1.0,0.062562840128966,0.0,0.0,0.0618597953853136,0.0146658524072157,0.2470304108116459,0.6282764754665416,1.0,1.0,0
1.0,0.0,0.0,1.0,0.0,0.0277537702794665,0.0,0.0949846199553608,0.9895041258298856,0.0,0.4805826327852884,0
0.0,0.0,0.0,1.0,0.3032655146732228,0.0282618130085039,0.0370636307470579,0.1744466420307896,0.7297297297297298,0.0,0.5,0
1.0,0.0,0.2314587864016722,1.0,0.0,0.0333138159600789,0.0,0.1046862922802992,0.8748871424855826,0.0,0.2685412135983277,0
1.0,1.0,0.25,1.0,0.6733487582039591,0.0815784458810275,0.1176666753155817,0.4938582307731143,0.7297297297297298,0.0,0.0,0
1.0,0.0,0.0,1.0,0.0,0.0269869330027058,0.1721309962124113,0.1160439339140205,0.7297297297297298,1.0,1.0,0
1.0,0.0,0.364228542090129,1.0,0.0,0.0512052123399234,0.0354385293099264,0.179406152522414,0.7297297297297298,0.0,0.0,0
1.0,1.0,0.0,0.0,0.0,0.0350158008582976,0.0499210044959469,0.1587387508263073,0.990608602808316,0.0,1.0,0
1.0,0.0,0.1356837095965678,1.0,0.0,0.0313513449804412,0.0318708550957094,0.1354505452496464,0.6332872713606275,0.0,0.7713674191931357,0
1.0,1.0,0.0,1.0,0.0,0.0880092454165197,0.0119940514908006,0.4228195493252489,0.7297297297297298,1.0,1.0,0
0.0,0.0,0.0971900169974365,1.0,0.0,0.0300792165202303,0.0,0.0424281292476118,0.7297297297297298,1.0,1.0,0
1.0,1.0,0.5,0.4113539050566785,0.0,0.0404050480131291,0.0253228768576724,0.2260871085686647,0.7297297297297298,1.0,0.0,0
1.0,1.0,0.0,0.0,0.0,0.0421874884960327,0.0606545741759301,0.1477248150280218,0.7297297297297298,0.0,1.0,0
1.0,1.0,0.0,0.0,0.0,0.083979391476474,0.0095391956914244,0.1787701998581568,0.7297297297297298,0.0,1.0,0
1.0,1.0,0.0,0.0,0.0,0.0293936796604163,0.0663314952083204,0.2728386138719449,0.7656068708764784,0.0,1.0,0
1.0,1.0,0.5152315664429206,0.0,0.0,0.0495076160127184,0.0424027754193065,0.2053136680997919,0.7297297297297298,1.0,0.0,0
1.0,1.0,0.0,0.0,0.0,0.0333230541358349,0.0548619873367016,0.1930927183780438,0.9228635416702572,0.0,1.0,0
0.0,0.0,0.0,1.0,0.0,0.0288890417930163,0.0030839778971886,0.0699020122853248,0.7408290585859124,1.0,0.0,0
0.0,0.0,0.0,1.0,0.0,0.0971663017040943,0.0299495791757904,0.3043558091522469,0.8375191625526472,1.0,0.3005895492776027,0
0.0,0.0,0.0,1.0,0.433520737580742,0.0332287499562328,0.0301345471630068,0.1810585822799023,0.7297297297297298,0.0,0.5,0
